Perc,Size
50.77347854336470000,66.74387603452050000
66.85425582110960000,63.45974063619190000
22.50449080902490000,189.92853623564400000
43.27161815188380000,171.03020298673200000
45.10311615508640000,51.67473515180710000
41.71475979551040000,109.65295844283600000
33.27745488459740000,133.12707431035700000
31.85255511957640000,209.45302542497100000
35.52636889322840000,153.46552979630800000
44.51401477619920000,118.48376457555600000
